id,name,code,priority,longitude_gcj02,latitude_gcj02,longitude_wgs84,latitude_wgs84,wgs84_source,note,amap_url,group
1,夏家沟夏马岭组露头（主采样点）,XJG,1,115.254464,40.460101,115.248083,40.458817,用户提供的WGS84,主采样点。优先寻找低成熟富有机质黑色页岩、富藻油页岩。,https://uri.amap.com/marker?position=115.254464%2C40.460101&name=%E5%A4%8F%E5%AE%B6%E6%B2%9F%E5%A4%8F%E9%A9%AC%E5%B2%AD%E7%BB%84%E9%9C%B2%E5%A4%B4%EF%BC%88%E4%B8%BB%E9%87%87%E6%A0%B7%E7%82%B9%EF%BC%89&coordinate=gaode&callnative=1&src=K5032-field-sampling,下花园
2,黄土岗夏马岭组露头,HTG,2,115.229094,40.454094,115.2227,40.4528,用户提供的WGS84,夏马岭组空间对照点。,https://uri.amap.com/marker?position=115.229094%2C40.454094&name=%E9%BB%84%E5%9C%9F%E5%B2%97%E5%A4%8F%E9%A9%AC%E5%B2%AD%E7%BB%84%E9%9C%B2%E5%A4%B4&coordinate=gaode&callnative=1&src=K5032-field-sampling,下花园
3,下花园夏马岭组剖面,XHY,3,115.271084,40.471685,115.264694,40.470392,用户提供的WGS84,连续地层/钻孔研究基准。,https://uri.amap.com/marker?position=115.271084%2C40.471685&name=%E4%B8%8B%E8%8A%B1%E5%9B%AD%E5%A4%8F%E9%A9%AC%E5%B2%AD%E7%BB%84%E5%89%96%E9%9D%A2&coordinate=gaode&callnative=1&src=K5032-field-sampling,下花园
4,鸡镇屯夏马岭组道路剖面,JZT,4,115.281256,40.463269,115.274856,40.461972,用户提供的WGS84,道路切坡。适合补采夏马岭组黑色页岩。,https://uri.amap.com/marker?position=115.281256%2C40.463269&name=%E9%B8%A1%E9%95%87%E5%B1%AF%E5%A4%8F%E9%A9%AC%E5%B2%AD%E7%BB%84%E9%81%93%E8%B7%AF%E5%89%96%E9%9D%A2&coordinate=gaode&callnative=1&src=K5032-field-sampling,下花园
5,黄土岗 Member IV 道路剖面,HTG-IV,6,115.221886,40.453696,115.215483,40.452394,用户提供的WGS84,夏马岭组上部层段对照。,https://uri.amap.com/marker?position=115.221886%2C40.453696&name=%E9%BB%84%E5%9C%9F%E5%B2%97+Member+IV+%E9%81%93%E8%B7%AF%E5%89%96%E9%9D%A2&coordinate=gaode&callnative=1&src=K5032-field-sampling,下花园
6,下花园 Core 1,Core1,8,115.280843,40.461852,115.274444,40.460556,用户提供的WGS84,张水昌团队研究钻孔辅助定位点。,https://uri.amap.com/marker?position=115.280843%2C40.461852&name=%E4%B8%8B%E8%8A%B1%E5%9B%AD+Core+1&coordinate=gaode&callnative=1&src=K5032-field-sampling,下花园
7,下花园 Core 3,Core3,8,115.279176,40.464907,115.272778,40.463611,用户提供的WGS84,张水昌团队研究钻孔辅助定位点。,https://uri.amap.com/marker?position=115.279176%2C40.464907&name=%E4%B8%8B%E8%8A%B1%E5%9B%AD+Core+3&coordinate=gaode&callnative=1&src=K5032-field-sampling,下花园
8,下花园 Core 2/4,Core2-4,8,115.275004,40.468238,115.268611,40.466944,用户提供的WGS84,张水昌团队研究钻孔辅助定位点。,https://uri.amap.com/marker?position=115.275004%2C40.468238&name=%E4%B8%8B%E8%8A%B1%E5%9B%AD+Core+2%2F4&coordinate=gaode&callnative=1&src=K5032-field-sampling,下花园
9,赵家山剖面1,ZJS1,7,115.40823,40.469465,115.401594,40.467989,用户提供的WGS84,热事件对照。采样时避开辉绿岩接触热影响带。,https://uri.amap.com/marker?position=115.408230%2C40.469465&name=%E8%B5%B5%E5%AE%B6%E5%B1%B1%E5%89%96%E9%9D%A21&coordinate=gaode&callnative=1&src=K5032-field-sampling,赵家山
10,赵家山剖面2,ZJS2,7,115.406635,40.468142,115.39999967,40.46666669,GCJ-02逆算，仅供GIS计算，非野外实测原始坐标,赵家山空间对照点；原始WGS84未提供。,https://uri.amap.com/marker?position=115.406635%2C40.468142&name=%E8%B5%B5%E5%AE%B6%E5%B1%B1%E5%89%96%E9%9D%A22&coordinate=gaode&callnative=1&src=K5032-field-sampling,赵家山
11,赵家山剖面3,ZJS3,7,115.396077,40.478977,115.38944454,40.47750047,GCJ-02逆算，仅供GIS计算，非野外实测原始坐标,赵家山空间对照点；原始WGS84未提供。,https://uri.amap.com/marker?position=115.396077%2C40.478977&name=%E8%B5%B5%E5%AE%B6%E5%B1%B1%E5%89%96%E9%9D%A23&coordinate=gaode&callnative=1&src=K5032-field-sampling,赵家山
12,赵家山剖面4,ZJS4,7,115.395465,40.478954,115.38883298,40.47747782,GCJ-02逆算，仅供GIS计算，非野外实测原始坐标,赵家山空间对照点；原始WGS84未提供。,https://uri.amap.com/marker?position=115.395465%2C40.478954&name=%E8%B5%B5%E5%AE%B6%E5%B1%B1%E5%89%96%E9%9D%A24&coordinate=gaode&callnative=1&src=K5032-field-sampling,赵家山
